exercise_id	code	name	image_url	muscle_group	pattern	primary_tool	secondary_tool	location	complexity	level	fatigue	goals	category	compat	caution	forbidden	target_muscles	secondary_muscles
exr_41n2hdCBvmbCPaVE	PEC031	Diamond Press	https://cdn.exercisedb.dev/media/w/images/6SPVwjalAc.jpg	Pecho	Empuje Horizontal	Propio Peso	Ninguna	Casa, Aire Libre	Media	Intermedio	Media	PG, GMM	Complementario	ENF002, ENF003	PAT004, PAT005, MUN	Ninguna	PECTORALIS MAJOR STERNAL HEAD, PECTORALIS MAJOR CLAVICULAR HEAD, ERECTOR SPINAE	ANTERIOR DELTOID
exr_41n2hGUso7JFmuYR	PEC027	Decline Push-Up	https://cdn.exercisedb.dev/media/w/images/Fw2auG2NBK.jpg	Pecho	Empuje Declinado	Propio Peso	Banco	Casa, Aire Libre	Media	Intermedio	Media	PG, RD	Metabólico	ENF002, ENF003	PAT004, PAT003, MUN	ENF010	PECTORALIS MAJOR CLAVICULAR HEAD, PECTORALIS MAJOR STERNAL HEAD	ANTERIOR DELTOID, TRICEPS BRACHII
exr_41n2hHLE8aJXaxKR	PEC032	Cobra Push-up	https://cdn.exercisedb.dev/media/w/images/RMvhPtQeG7.jpg	Pecho	Empuje Horizontal	Propio Peso	Ninguna	Casa, Aire Libre	Baja-Media	Básico	Baja-Media	PG, SB	Correctivo	ENF001, ENF002, ENF003	PAT001, PAT004	Ninguna	PECTORALIS MAJOR STERNAL HEAD, GLUTEUS MAXIMUS, ERECTOR SPINAE	HAMSTRINGS, PECTORALIS MAJOR CLAVICULAR HEAD, TRICEPS BRACHII, ANTERIOR DELTOID
exr_41n2hkK8hGAcSnW7	PEC033	Chest Dip	https://cdn.exercisedb.dev/media/w/images/w39q9vcRo1.jpg	Pecho	Empuje Declinado	Propio Peso	Paralelas	Gimnasio, Aire Libre	Media-Alta	Intermedio	Alta	GMM, RD	Principal	ENF002, ENF003	PAT004, PAT005	Ninguna	PECTORALIS MAJOR STERNAL HEAD	ANTERIOR DELTOID, LATISSIMUS DORSI, TRICEPS BRACHII, PECTORALIS MAJOR CLAVICULAR HEAD, LEVATOR SCAPULAE
exr_41n2hKZmyYXB2UL4	PEC034	Elbows Back Stretch	https://cdn.exercisedb.dev/media/w/images/ZBbn7b0eVR.jpg	Pecho	Estabilización	Propio Peso	Ninguna	Casa	Baja	Básico	Baja	SB	Correctivo	ENF001, ENF002, ENF003, ENF009	Ninguna	Ninguna	TRICEPS BRACHII
exr_41n2hmvGdVRvvnNY	PEC035	Pike Push up	https://cdn.exercisedb.dev/media/w/images/NPtWT9FuRZ.jpg	Pecho	Empuje Inclinado	Propio Peso	Ninguna	Casa, Aire Libre	Media-Alta	Intermedio	Alta	GMM, RD	Principal	ENF002, ENF003	PAT004, MUN	Ninguna	PECTORALIS MAJOR CLAVICULAR HEAD, PECTORALIS MAJOR STERNAL HEAD	LATERAL DELTOID, SERRATUS ANTERIOR, ANTERIOR DELTOID, TRICEPS BRACHII
exr_41n2hNXJadYcfjnd	PEC025	Push-up	https://cdn.exercisedb.dev/media/w/images/cuG10rd4ea.jpg	Pecho	Empuje Horizontal	Propio Peso	Ninguna	Casa, Aire Libre, Gimnasio	Baja-Media	Básico	Media	PG, SB, GMM	Metabólico	ENF002, ENF003, ENF009	PAT004, MUN, PAT005	ENF010	PECTORALIS MAJOR STERNAL HEAD	TRICEPS BRACHII, ANTERIOR DELTOID, PECTORALIS MAJOR CLAVICULAR HEAD
exr_41n2hQeNyCnt3uFh	PEC036	Back Pec Stretch	https://cdn.exercisedb.dev/media/w/images/11TGBvhnYQ.jpg	Pecho	Estabilización	Propio Peso	Ninguna	Casa	Baja	Básico	Baja	SB	Correctivo	ENF001, ENF002, ENF003	Ninguna	Ninguna	LATISSIMUS DORSI
exr_41n2hs6camM22yBG	HOM007	Seated Shoulder Press	https://cdn.exercisedb.dev/media/w/images/bQUAOjC7qA.jpg	Hombro	Empuje Vertical	Mancuernas	Banco	Gimnasio, Casa	Media	Intermedio	Media-Alta	GMM, RD	Principal	ENF002, ENF003	PAT004, PAT001	PAT002	ANTERIOR DELTOID	PECTORALIS MAJOR CLAVICULAR HEAD, TRICEPS BRACHII, SERRATUS ANTERIOR, LATERAL DELTOID
exr_41n2hsVHu7B1MTdr	PEC037	Palms In Incline Bench Press	https://cdn.exercisedb.dev/media/w/images/DhC4s2apCJ.jpg	Pecho	Empuje Inclinado	Mancuernas	Banco	Gimnasio	Media	Intermedio	Media-Alta	GMM	Complementario	ENF002, ENF003	PAT004, PAT005	Ninguna	TRICEPS BRACHII	BRACHIORADIALIS, ADDUCTOR BREVIS, ANTERIOR DELTOID, BRACHIALIS, PECTORALIS MAJOR CLAVICULAR HEAD, BICEPS BRACHII, ADDUCTOR MAGNUS
exr_41n2haAabPyN5t8y	PIE031	Side Lunge	https://cdn.exercisedb.dev/media/w/images/RB7NBcf79I.jpg	Pierna	Dominante Rodilla	Propio Peso	Ninguna	Casa, Aire Libre, Gimnasio	Media	Intermedio	Media	PG, GMM	Metabólico	ENF002, ENF003	PAT007, PAT008	PAT009	GLUTEUS MAXIMUS, QUADRICEPS	ADDUCTOR MAGNUS, GLUTEUS MEDIUS, SOLEUS, TENSOR FASCIAE LATAE
exr_41n2hadPLLFRGvFk	ESP031	Sliding Floor Pulldown on Towel	https://cdn.exercisedb.dev/media/w/images/9fW96RFqRZ.jpg	Espalda	Tracción Vertical	Toalla	Propio Peso	Casa	Baja-Media	Básico	Baja-Media	PG, SB	Correctivo	ENF001, ENF002, ENF003	PAT004	Ninguna	LATISSIMUS DORSI	POSTERIOR DELTOID, TRICEPS BRACHII, TERES MINOR, TRAPEZIUS LOWER FIBERS, TRAPEZIUS MIDDLE FIBERS, TERES MAJOR, INFRASPINATUS
exr_41n2hbYPY4jLKxW3	PIE032	Peroneals Stretch	https://cdn.exercisedb.dev/media/w/images/AcGb20UoJg.jpg	Pierna	Estabilización	Propio Peso	Ninguna	Casa	Baja	Básico	Baja	SB	Correctivo	ENF001, ENF002, ENF003, ENF009	Ninguna	Ninguna	SOLEUS
exr_41n2hcFJpBvAkXCP	ESP032	Seated Row with Towel	https://cdn.exercisedb.dev/media/w/images/XsWkx1qcBC.jpg	Espalda	Tracción Horizontal	Toalla	Propio Peso	Casa	Baja-Media	Básico	Baja-Media	PG, SB	Complementario	ENF001, ENF002, ENF003	PAT001, PAT004	PAT002	INFRASPINATUS, TRAPEZIUS UPPER FIBERS, LATISSIMUS DORSI, TERES MINOR, TRAPEZIUS MIDDLE FIBERS, TERES MAJOR	POSTERIOR DELTOID, BRACHIORADIALIS, BRACHIALIS
exr_41n2hcw2FN534HcA	PIE033	Dumbbell Stiff Leg Deadlift	https://cdn.exercisedb.dev/media/w/images/1aHXOCzatq.jpg	Pierna	Dominante Cadera	Mancuernas	Ninguna	Gimnasio, Casa	Media	Intermedio	Media-Alta	GMM, RD	Principal	ENF002, ENF003	PAT001, PAT007	PAT002	ERECTOR SPINAE, GLUTEUS MAXIMUS	HAMSTRINGS
exr_41n2hd6SThQhAdnZ	ESP033	Chin-ups	https://cdn.exercisedb.dev/media/w/images/TLX9vGr1dx.jpg	Espalda	Tracción Vertical	Barra	Propio Peso	Gimnasio, Aire Libre	Media-Alta	Intermedio	Alta	GMM, RD	Principal	ENF002, ENF003	PAT004, PAT005	Ninguna	INFRASPINATUS, LATISSIMUS DORSI, TRAPEZIUS LOWER FIBERS, TERES MINOR, TERES MAJOR, TRAPEZIUS MIDDLE FIBERS	BRACHIORADIALIS, PECTORALIS MAJOR STERNAL HEAD, BRACHIALIS, POSTERIOR DELTOID
exr_41n2hd78zujKUEWK	PIE034	Single Leg Squat	https://cdn.exercisedb.dev/media/w/images/MosYINt7dV.jpg	Pierna	Dominante Rodilla	Propio Peso	Ninguna	Casa, Aire Libre, Gimnasio	Media-Alta	Avanzado	Alta	GMM, RD	Principal	ENF002, ENF003	PAT007, PAT008	PAT009	GLUTEUS MAXIMUS, QUADRICEPS	SOLEUS, ADDUCTOR MAGNUS
exr_41n2hdkBpqwoDmVq	ESP034	Suspended Row	https://cdn.exercisedb.dev/media/w/images/bXwXW2WUCj.jpg	Espalda	Tracción Horizontal	Suspensión / TRX	Propio Peso	Casa, Gimnasio, Aire Libre	Media	Intermedio	Media	PG, GMM, SB	Complementario	ENF001, ENF002, ENF003	PAT001, PAT004	PAT002	INFRASPINATUS, TRAPEZIUS UPPER FIBERS, TRAPEZIUS LOWER FIBERS, TERES MAJOR, TERES MINOR, LATISSIMUS DORSI, TRAPEZIUS MIDDLE FIBERS	PECTORALIS MAJOR STERNAL HEAD, BRACHIORADIALIS, BRACHIALIS, POSTERIOR DELTOID, BICEPS BRACHII
exr_41n2hdsGcuzs4WrV	ESP035	Self Assisted Inverted Pullover	https://cdn.exercisedb.dev/media/w/images/n4N7gfo3Ph.jpg	Espalda	Tracción Vertical	Propio Peso	Ninguna	Casa, Aire Libre	Media	Intermedio	Media	PG, GMM	Complementario	ENF001, ENF002, ENF003	PAT004	Ninguna	RECTUS ABDOMINIS, LATISSIMUS DORSI
exr_41n2hkmMrSwcHkZ8	PEC038	Clap Push Up	https://cdn.exercisedb.dev/media/w/images/lFYWJB9Dmn.jpg	Pecho	Empuje Dinámico	Propio Peso	Ninguna	Casa, Aire Libre, Gimnasio	Alta	Avanzado	Alta	RD, GMM	Potencia	ENF002	PAT004, PAT005, MUN, PAT011	ENF001, ENF008, ENF010, PAT014	PECTORALIS MAJOR CLAVICULAR HEAD, TRICEPS BRACHII, PECTORALIS MAJOR STERNAL HEAD, ANTERIOR DELTOID	TRAPEZIUS UPPER FIBERS, SERRATUS ANTERIOR
exr_41n2hM8vgMA6MREd	HOM031	Left hook. Boxing	https://cdn.exercisedb.dev/media/w/images/SZeMKod0yD.jpg	Hombro	Rotacional	Propio Peso	Ninguna	Casa, Aire Libre, Gimnasio	Media	Intermedio	Media-Alta	PG, RD, SB	Metabólico	ENF001, ENF002, ENF003	PAT004, PAT001, MUN	PAT002	TENSOR FASCIAE LATAE, OBLIQUES, ILIOPSOAS, GASTROCNEMIUS, SOLEUS, LATISSIMUS DORSI, TERES MAJOR, ANTERIOR DELTOID, GLUTEUS MEDIUS, PECTORALIS MAJOR CLAVICULAR HEAD, LATERAL DELTOID, PECTORALIS MAJOR STERNAL HEAD
exr_41n2hnAGfMhp95LQ	HOM032	Shoulder Tap Push-up	https://cdn.exercisedb.dev/media/w/images/yNystoPkKh.jpg	Hombro	Anti-Rotación	Propio Peso	Ninguna	Casa, Aire Libre, Gimnasio	Media	Intermedio	Media-Alta	PG, SB, RD	Estabilidad	ENF001, ENF002, ENF003, ENF009	PAT004, PAT011, MUN	ENF010	ANTERIOR DELTOID, RECTUS ABDOMINIS, SERRATUS ANTERIOR, STERNOCLEIDOMASTOID	TENSOR FASCIAE LATAE, WRIST FLEXORS
exr_41n2hNfaYkEKLQHK	PEC039	Elevated Push-Up	https://cdn.exercisedb.dev/media/w/images/6ZttyVFvT1.jpg	Pecho	Empuje Horizontal	Propio Peso	Banco	Casa, Aire Libre, Gimnasio	Baja-Media	Básico	Baja-Media	PG, SB, GMM	Metabólico	ENF001, ENF002, ENF003	PAT004, MUN	ENF010	PECTORALIS MAJOR STERNAL HEAD	ANTERIOR DELTOID, PECTORALIS MAJOR CLAVICULAR HEAD
exr_41n2hfnnXz9shkBi	ESP036	Lying Lower Back Stretch	https://cdn.exercisedb.dev/media/w/images/9w9vjAYwal.jpg	Espalda	Estabilización	Propio Peso	Ninguna	Casa	Baja	Básico	Baja	SB	Correctivo	ENF001, ENF002, ENF003, ENF009	Ninguna	Ninguna	ERECTOR SPINAE	HAMSTRINGS, GLUTEUS MAXIMUS
exr_41n2hftBVLiXgtRQ	ESP037	Wide Grip Pull-Up	https://cdn.exercisedb.dev/media/w/images/KTxTtuwOqD.jpg	Espalda	Tracción Vertical	Barra	Propio Peso	Gimnasio, Aire Libre	Media-Alta	Avanzado	Alta	GMM, RD	Principal	ENF002, ENF003	PAT004, PAT005	Ninguna	LATISSIMUS DORSI	TERES MAJOR, BRACHIORADIALIS, BRACHIALIS, TRAPEZIUS MIDDLE FIBERS, BICEPS BRACHII, TRAPEZIUS LOWER FIBERS
exr_41n2hHdjQpnyNdie	ESP038	One Arm Bent-over Row	https://cdn.exercisedb.dev/media/w/images/Ndd2gbg1ko.jpg	Espalda	Tracción Horizontal	Mancuernas	Banco	Gimnasio, Casa	Media	Intermedio	Media-Alta	GMM, RD, PG	Principal	ENF001, ENF002, ENF003	PAT001, PAT004	PAT002	LATISSIMUS DORSI, TERES MAJOR, TRAPEZIUS MIDDLE FIBERS, INFRASPINATUS, TRAPEZIUS LOWER FIBERS, TERES MINOR	PECTORALIS MAJOR STERNAL HEAD, BRACHIALIS, POSTERIOR DELTOID, BRACHIORADIALIS
exr_41n2hkknYAEEE3tc	COR031	Front Toe Touching	https://cdn.exercisedb.dev/media/w/images/NKv0f4GLQP.jpg	Core	Core Anterior	Propio Peso	Ninguna	Casa, Aire Libre	Baja-Media	Básico	Baja	SB, PG	Correctivo	ENF001, ENF002, ENF003	PAT001	PAT002	RECTUS ABDOMINIS	OBLIQUES, ILIOPSOAS
exr_41n2hMydkzFvswVX	COR032	Side Two Front Toe Touching	https://cdn.exercisedb.dev/media/w/images/jJOZ9F9HyC.jpg	Core	Core Lateral	Propio Peso	Ninguna	Casa, Aire Libre	Baja-Media	Básico	Baja	SB, PG	Correctivo	ENF001, ENF002, ENF003	PAT001	PAT002	PECTINEUS, SERRATUS ANTERIOR
exr_41n2hpJxS5VQKtBL	ESP039	Lying Lower Back Stretch II	https://cdn.exercisedb.dev/media/w/images/4C6IftIpvy.jpg	Espalda	Estabilización	Propio Peso	Ninguna	Casa	Baja	Básico	Baja	SB	Correctivo	ENF001, ENF002, ENF003, ENF009	Ninguna	Ninguna	ERECTOR SPINAE
exr_41n2hpnZ6oASM662	ESP040	Kneeling Push up to Child Pose	https://cdn.exercisedb.dev/media/w/images/qEMl4mkIFx.jpg	Espalda	Estabilización	Propio Peso	Ninguna	Casa, Aire Libre	Baja-Media	Básico	Baja-Media	SB, PG	Correctivo	ENF001, ENF002, ENF003	PAT001, PAT004	Ninguna	RECTUS ABDOMINIS	SUBSCAPULARIS, QUADRICEPS
exr_41n2hQEqKxuAfV1D	ESP041	Pull-up with Bent Knee between Chairs	https://cdn.exercisedb.dev/media/w/images/FJuNSNoybI.jpg	Espalda	Tracción Vertical	Sillas	Propio Peso	Casa	Media	Intermedio	Media-Alta	PG, GMM	Complementario	ENF001, ENF002, ENF003	PAT004	Ninguna	LATISSIMUS DORSI	TRAPEZIUS LOWER FIBERS, TERES MINOR, BRACHIORADIALIS, TRAPEZIUS MIDDLE FIBERS, INFRASPINATUS, BRACHIALIS, BICEPS BRACHII, TERES MAJOR
exr_41n2hRH4aTB379Tp	ESP042	45 degree hyperextension	https://cdn.exercisedb.dev/media/w/images/ZuggCImG8H.jpg	Espalda	Extensión Espinal	Banco Romano / Hiperextensión	Propio Peso	Gimnasio	Media	Intermedio	Media	GMM, SB, PG	Complementario	ENF001, ENF002, ENF003	PAT001	PAT002	ERECTOR SPINAE, GLUTEUS MAXIMUS	HAMSTRINGS
exr_41n2hsBtDXapcADg	ESP043	Pull-up (Overhand)	https://cdn.exercisedb.dev/media/w/images/g0ZmaTcu2Q.jpg	Espalda	Tracción Vertical	Barra	Propio Peso	Gimnasio, Aire Libre	Media-Alta	Intermedio	Alta	GMM, RD	Principal	ENF002, ENF003	PAT004, PAT005	Ninguna	LATISSIMUS DORSI	TRAPEZIUS LOWER FIBERS, TERES MINOR, BRACHIALIS, POSTERIOR DELTOID, TERES MAJOR, TRAPEZIUS MIDDLE FIBERS, INFRASPINATUS, BRACHIORADIALIS
exr_41n2hU4y6EaYXFhr	ESP044	Pull-up	https://cdn.exercisedb.dev/media/w/images/gNdMNPVxAj.jpg	Espalda	Tracción Vertical	Barra	Propio Peso	Gimnasio, Aire Libre	Media-Alta	Intermedio	Alta	GMM, RD	Principal	ENF002, ENF003	PAT004, PAT005	Ninguna	LATISSIMUS DORSI	TERES MAJOR, BRACHIALIS, BRACHIORADIALIS, TRAPEZIUS LOWER FIBERS
exr_41n2hVCJfpAvJcdU	ESP045	Commando Pull-up	https://cdn.exercisedb.dev/media/w/images/tczafQq5N0.jpg	Espalda	Tracción Vertical	Barra	Propio Peso	Gimnasio, Aire Libre	Media-Alta	Avanzado	Alta	GMM, RD	Principal	ENF002, ENF003	PAT004, PAT005	Ninguna	TRAPEZIUS LOWER FIBERS, TERES MAJOR, LATISSIMUS DORSI, INFRASPINATUS, TRAPEZIUS MIDDLE FIBERS, OBLIQUES, TERES MINOR	BRACHIORADIALIS, POSTERIOR DELTOID, BICEPS BRACHII, BRACHIALIS
exr_41n2hw1QspZ6uXoW	COR033	Side Toe Touching	https://cdn.exercisedb.dev/media/w/images/UX1YlRUBIN.jpg	Core	Core Lateral	Propio Peso	Ninguna	Casa, Aire Libre	Baja-Media	Básico	Baja	SB, PG	Correctivo	ENF001, ENF002, ENF003	PAT001	PAT002	SARTORIUS	TRANSVERSUS ABDOMINIS, ILIOPSOAS
exr_41n2hWxnJoGwbJpa	ESP046	Superman Row with Towel	https://cdn.exercisedb.dev/media/w/images/ixufDWekVb.jpg	Espalda	Tracción Horizontal	Toalla	Propio Peso	Casa	Baja-Media	Básico	Baja-Media	SB, PG	Correctivo	ENF001, ENF002, ENF003	PAT001, PAT004	PAT002	GLUTEUS MAXIMUS, LATISSIMUS DORSI, ERECTOR SPINAE	BICEPS BRACHII, TERES MINOR, HAMSTRINGS, BRACHIORADIALIS, TERES MAJOR, INFRASPINATUS, BRACHIALIS, POSTERIOR DELTOID
exr_41n2hXfpvSshoXWG	HOM033	Dumbbell Clean and Press	https://cdn.exercisedb.dev/media/w/images/1OBFu6DAxW.jpg	Hombro	Empuje Vertical Explosivo	Mancuernas	Ninguna	Gimnasio, Casa	Alta	Avanzado	Alta	RD, GMM	Potencia	ENF002	PAT001, PAT004, PAT011	PAT002, PAT014	BICEPS BRACHII, ANTERIOR DELTOID, STERNOCLEIDOMASTOID, POSTERIOR DELTOID, TRICEPS BRACHII, RECTUS ABDOMINIS, LATISSIMUS DORSI	SOLEUS, DEEP HIP EXTERNAL ROTATORS, LATERAL DELTOID, ERECTOR SPINAE
exr_41n2hxg75dFGERdp	ESP047	L-Pull-up	https://cdn.exercisedb.dev/media/w/images/DMKexKmHFn.jpg	Espalda	Tracción Vertical	Barra	Propio Peso	Gimnasio, Aire Libre	Alta	Avanzado	Alta	GMM, RD	Principal	ENF002, ENF003	PAT004, PAT005, PAT001	PAT002	LATISSIMUS DORSI, POSTERIOR DELTOID	ERECTOR SPINAE, LEVATOR SCAPULAE, GLUTEUS MEDIUS
exr_41n2hXszY7TgwKy4	ESP048	Chin-Up (Underhand)	https://cdn.exercisedb.dev/media/w/images/S7KbaJxkei.jpg	Espalda	Tracción Vertical	Barra	Propio Peso	Gimnasio, Aire Libre	Media-Alta	Intermedio	Alta	GMM, RD	Principal	ENF002, ENF003	PAT004, PAT005	Ninguna	LATISSIMUS DORSI	TRAPEZIUS MIDDLE FIBERS, PECTORALIS MAJOR STERNAL HEAD, POSTERIOR DELTOID, TRAPEZIUS LOWER FIBERS, BRACHIALIS, BRACHIORADIALIS, TERES MAJOR
exr_41n2hR12rPqdpWP8	PEC040	Pike-to-Cobra Push-up	https://cdn.exercisedb.dev/media/w/images/879xVSMBvA.jpg	Pecho	Empuje Dinámico	Propio Peso	Ninguna	Casa, Aire Libre	Media-Alta	Intermedio	Media-Alta	PG, GMM, SB	Metabólico	ENF002, ENF003	PAT001, PAT004, MUN	PAT002	GLUTEUS MAXIMUS, TRICEPS BRACHII, ERECTOR SPINAE, PECTORALIS MAJOR STERNAL HEAD, PECTORALIS MAJOR CLAVICULAR HEAD	SOLEUS, HAMSTRINGS, GASTROCNEMIUS, ANTERIOR DELTOID
exr_41n2hSq88Ni3KCny	HOM034	Standing Alternate Arms Circling	https://cdn.exercisedb.dev/media/w/images/MNEbf0CfLo.jpg	Hombro	Estabilidad Escapular	Propio Peso	Ninguna	Casa, Aire Libre	Baja	Básico	Baja	SB	Correctivo	ENF001, ENF002, ENF003, ENF009	PAT004	Ninguna	ADDUCTOR BREVIS	SPLENIUS
exr_41n2hSvEPVntpxSG	PEC041	Kneeling Rotational Push-up	https://cdn.exercisedb.dev/media/w/images/XkwVtgN8dJ.jpg	Pecho	Empuje Horizontal	Propio Peso	Ninguna	Casa, Aire Libre	Baja-Media	Básico	Baja-Media	PG, SB	Metabólico	ENF001, ENF002, ENF003	PAT004, MUN	ENF010	PECTORALIS MAJOR STERNAL HEAD, PECTORALIS MAJOR CLAVICULAR HEAD, OBLIQUES	TRICEPS BRACHII, ANTERIOR DELTOID, RECTUS ABDOMINIS
exr_41n2hUBVSgXaKhau	HOM035	Standing Arms Circling	https://cdn.exercisedb.dev/media/w/images/2rCXHeJmIA.jpg	Hombro	Estabilidad Escapular	Propio Peso	Ninguna	Casa, Aire Libre	Baja	Básico	Baja	SB	Correctivo	ENF001, ENF002, ENF003, ENF009	PAT004	Ninguna	POSTERIOR DELTOID, SERRATUS ANTERIOR
exr_41n2huXeEFSaqo4G	HOM036	Standing One Arm Circling	https://cdn.exercisedb.dev/media/w/images/N6BYyJC1zl.jpg	Hombro	Estabilidad Escapular	Propio Peso	Ninguna	Casa, Aire Libre	Baja	Básico	Baja	SB	Correctivo	ENF001, ENF002, ENF003, ENF009	PAT004	Ninguna	LATISSIMUS DORSI	TRICEPS BRACHII, LEVATOR SCAPULAE
exr_41n2hw4iksLYXESz	PEC042	Seated Shoulder Flexor Depresor Retractor Stretch Bent Knee	https://cdn.exercisedb.dev/media/w/images/DbYTA0rvWJ.jpg	Pecho	Estabilización	Propio Peso	Ninguna	Casa	Baja	Básico	Baja	SB	Correctivo	ENF001, ENF002, ENF003, ENF009	PAT004	Ninguna	PECTORALIS MAJOR CLAVICULAR HEAD, ANTERIOR DELTOID	BICEPS BRACHII
exr_41n2hWgAAtQeA3Lh	PEC043	Wide Hand Push up	https://cdn.exercisedb.dev/media/w/images/PvR5nLWE36.jpg	Pecho	Empuje Horizontal	Propio Peso	Ninguna	Casa, Aire Libre, Gimnasio	Media	Intermedio	Media	PG, GMM	Principal	ENF002, ENF003	PAT004, PAT005, MUN	ENF010	PECTORALIS MAJOR STERNAL HEAD	ANTERIOR DELTOID, PECTORALIS MAJOR CLAVICULAR HEAD, TRICEPS BRACHII
exr_41n2hxnFMotsXTj3	PEC044	Bench Press	https://cdn.exercisedb.dev/media/w/images/A8OLBqBa26.jpg	Pecho	Empuje Horizontal	Barra	Banco	Gimnasio	Media-Alta	Intermedio	Alta	GMM, RD	Principal	ENF002, ENF003	PAT004, PAT005, MUN	Ninguna	PECTORALIS MAJOR STERNAL HEAD	TRICEPS BRACHII, ANTERIOR DELTOID, PECTORALIS MAJOR CLAVICULAR HEAD
exr_41n2hXXpvbykPY3q	PEC045	Incline Push-up	https://cdn.exercisedb.dev/media/w/images/CnQLzYUncF.jpg	Pecho	Empuje Inclinado	Propio Peso	Banco	Casa, Aire Libre, Gimnasio	Baja-Media	Básico	Baja-Media	PG, SB, GMM	Metabólico	ENF001, ENF002, ENF003	PAT004, MUN	ENF010	PECTORALIS MAJOR STERNAL HEAD	ANTERIOR DELTOID, PECTORALIS MAJOR CLAVICULAR HEAD, TRICEPS BRACHII
exr_41n2hynD9srC1kY7	HOM037	Standing Arms Flinging	https://cdn.exercisedb.dev/media/w/images/vRBM4T9Q3P.jpg	Hombro	Estabilidad Escapular	Propio Peso	Ninguna	Casa, Aire Libre	Baja	Básico	Baja	SB	Correctivo	ENF001, ENF002, ENF003, ENF009	PAT004	Ninguna	TRICEPS BRACHII
exr_41n2hc2VrB8ofxrW	BIC031	Lying Double Legs Biceps Curl with Towel	https://cdn.exercisedb.dev/media/w/images/sGKkXKxdYy.jpg	Bíceps	Flexión de Codo	Toalla	Propio Peso	Casa	Baja-Media	Básico	Baja-Media	PG, SB	Aislamiento	ENF001, ENF002, ENF003	MUN	Ninguna	BICEPS BRACHII	BRACHIALIS, BRACHIORADIALIS
exr_41n2hdo2vCtq4F3E	HOM038	Right Cross. Boxing	https://cdn.exercisedb.dev/media/w/images/NenhkXpa3a.jpg	Hombro	Rotacional	Propio Peso	Ninguna	Casa, Aire Libre, Gimnasio	Media	Intermedio	Media-Alta	PG, RD, SB	Metabólico	ENF001, ENF002, ENF003	PAT004, MUN	PAT002	ANTERIOR DELTOID, TRICEPS BRACHII, OBLIQUES	GASTROCNEMIUS, SOLEUS, SERRATUS ANTERIOR
exr_41n2hqjVS3nwBoyr	BIC032	Two Legs Hammer Curl with Towel	https://cdn.exercisedb.dev/media/w/images/FSiUO8Qvgu.jpg	Bíceps	Flexión de Codo Neutra	Toalla	Propio Peso	Casa	Baja-Media	Básico	Baja-Media	PG, SB	Aislamiento	ENF001, ENF002, ENF003	MUN	Ninguna	BRACHIORADIALIS	BRACHIALIS, BICEPS BRACHII
exr_41n2hwio5ECAfLuS	HOM039	Right Hook. Boxing	https://cdn.exercisedb.dev/media/w/images/NsGBTPFcDo.jpg	Hombro	Rotacional	Propio Peso	Ninguna	Casa, Aire Libre, Gimnasio	Media	Intermedio	Media-Alta	PG, RD, SB	Metabólico	ENF001, ENF002, ENF003	PAT004, MUN	PAT002	INFRASPINATUS, TRAPEZIUS UPPER FIBERS, SARTORIUS, TRICEPS BRACHII	ANTERIOR DELTOID, TENSOR FASCIAE LATAE, TRAPEZIUS MIDDLE FIBERS, STERNOCLEIDOMASTOID, LEVATOR SCAPULAE
exr_41n2hx6oyEujP1B6	BIC033	Two Legs Reverse Biceps Curl with Towel	https://cdn.exercisedb.dev/media/w/images/JxwkNMNgXK.jpg	Bíceps	Flexión de Codo	Toalla	Propio Peso	Casa	Baja-Media	Básico	Baja-Media	PG, SB	Aislamiento	ENF001, ENF002, ENF003	MUN	Ninguna	BICEPS BRACHII	BRACHIORADIALIS, BRACHIALIS
exr_41n2hx9wyaRGNyvs	BIC034	Lying Double Legs Hammer Curl with Towel	https://cdn.exercisedb.dev/media/w/images/Ud1cn07ovG.jpg	Bíceps	Flexión de Codo Neutra	Toalla	Propio Peso	Casa	Baja-Media	Básico	Baja-Media	PG, SB	Aislamiento	ENF001, ENF002, ENF003	MUN	Ninguna	BRACHIORADIALIS	BICEPS BRACHII, BRACHIALIS
exr_41n2hxqpSU5p6DZv	BIC035	Biceps Leg Concentration Curl	https://cdn.exercisedb.dev/media/w/images/YXSxsv8zit.jpg	Bíceps	Flexión de Codo Unilateral	Propio Peso	Ninguna	Casa, Aire Libre	Baja-Media	Básico	Baja-Media	PG, GMM	Aislamiento	ENF001, ENF002, ENF003	MUN	Ninguna	BICEPS BRACHII	BRACHIORADIALIS, BRACHIALIS
exr_41n2hzAMXkkQQ5T2	BIC036	Inverted Chin Curl with Bent Knee between Chairs	https://cdn.exercisedb.dev/media/w/images/bQqmNEEdBJ.jpg	Bíceps	Flexión de Codo	Sillas	Propio Peso	Casa	Media	Intermedio	Media-Alta	PG, GMM	Complementario	ENF001, ENF002, ENF003	PAT004, MUN	Ninguna	BICEPS BRACHII	BRACHIORADIALIS, BRACHIALIS
exr_41n2hadQgEEX8wDN	TRI031	Triceps Dip	https://cdn.exercisedb.dev/media/w/images/MruSDlnk0M.jpg	Tríceps	Extensión de Codo	Paralelas	Propio Peso	Gimnasio, Aire Libre	Media-Alta	Intermedio	Alta	GMM, RD	Principal	ENF002, ENF003	PAT004, PAT005	Ninguna	TRICEPS BRACHII	PECTORALIS MAJOR STERNAL HEAD, PECTORALIS MAJOR CLAVICULAR HEAD, ANTERIOR DELTOID, LATISSIMUS DORSI, LEVATOR SCAPULAE
exr_41n2haNJ3NA8yCE2	PEC046	Dumbbell Incline One Arm Hammer Press	https://cdn.exercisedb.dev/media/w/images/qkXo99D6UI.jpg	Pecho	Empuje Inclinado	Mancuernas	Banco	Gimnasio, Casa	Media	Intermedio	Media-Alta	GMM, PG	Complementario	ENF002, ENF003	PAT004, PAT005, MUN	Ninguna	RECTUS ABDOMINIS	TERES MAJOR, PECTORALIS MAJOR CLAVICULAR HEAD, TRAPEZIUS MIDDLE FIBERS
exr_41n2hdHtZrMPkcqY	TRI032	Dumbbell Lying Floor Skull Crusher	https://cdn.exercisedb.dev/media/w/images/LqKaE2JobC.jpg	Tríceps	Extensión de Codo	Mancuernas	Ninguna	Casa, Gimnasio	Media	Intermedio	Media	GMM, PG	Aislamiento	ENF002, ENF003	MUN, PAT005	Ninguna	TRICEPS BRACHII
exr_41n2hek6i3exMARx	BIC037	Elbow - Flexion - Articulations	https://cdn.exercisedb.dev/media/w/images/vIYXc6qul1.jpg	Bíceps	Estabilización	Propio Peso	Ninguna	Casa	Baja	Básico	Baja	SB	Correctivo	ENF001, ENF002, ENF003, ENF009	Ninguna	Ninguna	BRACHIALIS, TRICEPS BRACHII, BICEPS BRACHII	TRAPEZIUS MIDDLE FIBERS, ADDUCTOR MAGNUS
exr_41n2hHH9bNfi98YU	TRI033	Triceps Dips Floor	https://cdn.exercisedb.dev/media/w/images/mc56eseHDh.jpg	Tríceps	Extensión de Codo	Propio Peso	Ninguna	Casa, Aire Libre	Baja-Media	Básico	Media	PG, SB, GMM	Aislamiento	ENF001, ENF002, ENF003	PAT004, MUN	ENF010	TRICEPS BRACHII	LEVATOR SCAPULAE, ANTERIOR DELTOID, PECTORALIS MAJOR STERNAL HEAD, LATISSIMUS DORSI, PECTORALIS MAJOR CLAVICULAR HEAD
exr_41n2hLA8xydD4dzE	TRI034	Triceps Press	https://cdn.exercisedb.dev/media/w/images/Ocsii6p15A.jpg	Tríceps	Extensión de Codo	Propio Peso	Ninguna	Casa, Aire Libre	Media	Intermedio	Media	GMM, PG	Aislamiento	ENF002, ENF003	PAT004, MUN	Ninguna	TRICEPS BRACHII	PECTORALIS MAJOR STERNAL HEAD
exr_41n2hmhxk35fbHbC	TRI035	Push-up on Forearms	https://cdn.exercisedb.dev/media/w/images/n3c6WKyggU.jpg	Tríceps	Extensión de Codo	Propio Peso	Ninguna	Casa, Aire Libre	Media-Alta	Intermedio	Alta	GMM, RD	Principal	ENF002, ENF003	PAT004, MUN	ENF010	TRICEPS BRACHII	PECTORALIS MAJOR STERNAL HEAD, ANTERIOR DELTOID, PECTORALIS MAJOR CLAVICULAR HEAD
exr_41n2hnbt5GwwY7gr	TRI036	Diamond Push up (Upper Arms)	https://cdn.exercisedb.dev/media/w/images/dK9YEfnDTi.jpg	Tríceps	Extensión de Codo	Propio Peso	Ninguna	Casa, Aire Libre	Media	Intermedio	Media-Alta	GMM, PG	Principal	ENF002, ENF003	PAT004, MUN	ENF010	RECTUS ABDOMINIS	ANTERIOR DELTOID, PECTORALIS MAJOR CLAVICULAR HEAD
exr_41n2hndkoGHD1ogh	TRI037	Triceps Dip (Bench)	https://cdn.exercisedb.dev/media/w/images/MDpZM9TtVE.jpg	Tríceps	Extensión de Codo	Banco	Propio Peso	Gimnasio, Casa, Aire Libre	Media	Intermedio	Media-Alta	GMM, RD, PG	Principal	ENF002, ENF003	PAT004, PAT005	Ninguna	TRICEPS BRACHII	ANTERIOR DELTOID, PECTORALIS MAJOR STERNAL HEAD, LATISSIMUS DORSI, LEVATOR SCAPULAE, PECTORALIS MAJOR CLAVICULAR HEAD
exr_41n2hoFGGwZDNFT1	TRI038	Bench dip on floor	https://cdn.exercisedb.dev/media/w/images/6fVd7Ky8BX.jpg	Tríceps	Extensión de Codo	Propio Peso	Ninguna	Casa, Aire Libre	Baja-Media	Básico	Media	PG, SB, GMM	Aislamiento	ENF001, ENF002, ENF003	PAT004, MUN	ENF010	TRICEPS BRACHII	LEVATOR SCAPULAE, PECTORALIS MAJOR STERNAL HEAD, ANTERIOR DELTOID, PECTORALIS MAJOR CLAVICULAR HEAD, LATISSIMUS DORSI
exr_41n2hoifHqpb7WK9	ESP049	Supination Bar Suspension Stretch	https://cdn.exercisedb.dev/media/w/images/frvDHFYCab.jpg	Espalda	Estabilización	Barra	Propio Peso	Gimnasio, Aire Libre	Baja	Básico	Baja	SB	Correctivo	ENF001, ENF002, ENF003	PAT004	Ninguna	LATISSIMUS DORSI	TERES MAJOR, SUBSCAPULARIS
exr_41n2hPgRbN1KtJuD	TRI039	Close-grip Push-up	https://cdn.exercisedb.dev/media/w/images/bJE2dLg62R.jpg	Tríceps	Extensión de Codo	Propio Peso	Ninguna	Casa, Aire Libre, Gimnasio	Media	Intermedio	Media-Alta	GMM, PG	Principal	ENF002, ENF003	PAT004, MUN	ENF010	TRICEPS BRACHII	PECTORALIS MAJOR STERNAL HEAD, PECTORALIS MAJOR CLAVICULAR HEAD, ANTERIOR DELTOID
exr_41n2hqw5LsDpeE2i	BIC038	Elbow Flexor Stretch	https://cdn.exercisedb.dev/media/w/images/SXpaJB2P09.jpg	Bíceps	Estabilización	Propio Peso	Ninguna	Casa	Baja	Básico	Baja	SB	Correctivo	ENF001, ENF002, ENF003, ENF009	Ninguna	Ninguna	BRACHIALIS	BICEPS BRACHII
exr_41n2hRZ6fgsLyd77	TRI040	Diamond Push-up	https://cdn.exercisedb.dev/media/w/images/GQfzn89uwq.jpg	Tríceps	Extensión de Codo	Propio Peso	Ninguna	Casa, Aire Libre, Gimnasio	Media	Intermedio	Media-Alta	GMM, PG	Principal	ENF002, ENF003	PAT004, MUN	ENF010	TRICEPS BRACHII	PECTORALIS MAJOR STERNAL HEAD, PECTORALIS MAJOR CLAVICULAR HEAD, ANTERIOR DELTOID
exr_41n2hU3XPwUFSpkC	COR034	L-Sit on Floor	https://cdn.exercisedb.dev/media/w/images/KZPZTyNqWB.jpg	Core	Core Anterior	Propio Peso	Ninguna	Casa, Aire Libre, Gimnasio	Alta	Avanzado	Alta	GMM, RD	Principal	ENF002	PAT001, PAT004, MUN	PAT002	GRACILIS, ILIOPSOAS, TRAPEZIUS UPPER FIBERS, TRAPEZIUS LOWER FIBERS	SARTORIUS, TERES MAJOR, RECTUS ABDOMINIS
exr_41n2hUKc7JPrtJQj	TRI041	Dip on Floor with Chair	https://cdn.exercisedb.dev/media/w/images/nuTgT7bqfw.jpg	Tríceps	Extensión de Codo	Sillas	Propio Peso	Casa	Baja-Media	Básico	Media	PG, SB, GMM	Aislamiento	ENF001, ENF002, ENF003	PAT004, MUN	ENF010	TRICEPS BRACHII, PECTORALIS MAJOR STERNAL HEAD	LATISSIMUS DORSI, ANTERIOR DELTOID, LEVATOR SCAPULAE
exr_41n2hW9gDXAJJMmH	PIE035	Downward Facing Dog	https://cdn.exercisedb.dev/media/w/images/GpSc5Fff18.jpg	Pierna	Estabilización	Propio Peso	Ninguna	Casa, Aire Libre	Baja	Básico	Baja	SB	Correctivo	ENF001, ENF002, ENF003, ENF009	Ninguna	Ninguna	GLUTEUS MAXIMUS, SOLEUS	ERECTOR SPINAE, DEEP HIP EXTERNAL ROTATORS
exr_41n2hy8pKXtzuBh8	COR035	Elbow Up and Down Dynamic Plank	https://cdn.exercisedb.dev/media/w/images/3tZIhVrazy.jpg	Core	Anti-Rotación	Propio Peso	Ninguna	Casa, Aire Libre, Gimnasio	Media	Intermedio	Media-Alta	PG, SB, RD	Metabólico	ENF001, ENF002, ENF003, ENF009	PAT004, MUN	ENF010	RECTUS ABDOMINIS, SOLEUS	SERRATUS ANTERIOR, DEEP HIP EXTERNAL ROTATORS
exr_41n2hZ7uoN5JnUJY	PEC047	Dumbbell Decline One Arm Hammer Press	https://cdn.exercisedb.dev/media/w/images/hxFWa9nXih.jpg	Pecho	Empuje Declinado	Mancuernas	Banco	Gimnasio	Media	Intermedio	Media-Alta	GMM, RD	Principal	ENF002, ENF003	PAT004, PAT005, MUN	ENF010	PECTORALIS MAJOR STERNAL HEAD	TRICEPS BRACHII, PECTORALIS MAJOR CLAVICULAR HEAD, ANTERIOR DELTOID
exr_41n2hezAZ6CdkAcM	HOM040	Alternate Punching	https://cdn.exercisedb.dev/media/w/images/5XjzsH1SBh.jpg	Hombro	Rotacional	Propio Peso	Ninguna	Casa, Aire Libre, Gimnasio	Baja-Media	Básico	Media	PG, RD, SB	Metabólico	ENF001, ENF002, ENF003, ENF009	PAT004	Ninguna	DEEP HIP EXTERNAL ROTATORS, LATISSIMUS DORSI, BRACHIALIS	SERRATUS ANTERIOR, ANTERIOR DELTOID, RECTUS ABDOMINIS
exr_41n2hJ5Harig7K7F	HOM041	Seated Shoulder Flexor Depresor Retractor Stretch	https://cdn.exercisedb.dev/media/w/images/FIQG6bbnXn.jpg	Hombro	Estabilidad Escapular	Propio Peso	Ninguna	Casa	Baja	Básico	Baja	SB	Correctivo	ENF001, ENF002, ENF003, ENF009	PAT004	Ninguna	ANTERIOR DELTOID	LATISSIMUS DORSI, PECTORALIS MAJOR CLAVICULAR HEAD
exr_41n2hjuGpcex14w7	HOM042	Lateral Raise	https://cdn.exercisedb.dev/media/w/images/qODXfaAVcz.jpg	Hombro	Abducción Hombro	Mancuernas	Ninguna	Gimnasio, Casa	Media	Intermedio	Media	GMM, PG	Aislamiento	ENF002, ENF003	PAT004, PAT001	PAT002	LATERAL DELTOID	SERRATUS ANTERIOR, ANTERIOR DELTOID
exr_41n2hmbfYcYtedgz	PIE036	Bridge Pose Setu Bandhasana	https://cdn.exercisedb.dev/media/w/images/IzBYapPSlM.jpg	Pierna	Extensión Cadera	Propio Peso	Ninguna	Casa, Aire Libre	Baja-Media	Básico	Baja	SB, PG	Correctivo	ENF001, ENF002, ENF003, ENF009	Ninguna	Ninguna	GLUTEUS MAXIMUS, GRACILIS	QUADRICEPS, ERECTOR SPINAE, GASTROCNEMIUS
exr_41n2hMRXm49mM62z	HOM043	Arnold Press	https://cdn.exercisedb.dev/media/w/images/L0IHjzfG7P.jpg	Hombro	Empuje Vertical	Mancuernas	Banco	Gimnasio, Casa	Media-Alta	Intermedio	Media-Alta	GMM, RD	Principal	ENF002, ENF003	PAT004, PAT001	PAT002	ANTERIOR DELTOID	TRICEPS BRACHII, LATERAL DELTOID, SERRATUS ANTERIOR
exr_41n2howQHvcrcrW6	HOM044	Front Raise	https://cdn.exercisedb.dev/media/w/images/7ap5Us3CPK.jpg	Hombro	Flexión Hombro	Mancuernas	Ninguna	Gimnasio, Casa	Media	Intermedio	Media	GMM, PG	Aislamiento	ENF002, ENF003	PAT004, PAT001	PAT002	ANTERIOR DELTOID	SERRATUS ANTERIOR, LATERAL DELTOID, PECTORALIS MAJOR CLAVICULAR HEAD
exr_41n2hS5UrMusVCEE	HOM045	Lateral Raise with Towel	https://cdn.exercisedb.dev/media/w/images/22Tt0d6ekf.jpg	Hombro	Abducción Hombro	Toalla	Propio Peso	Casa	Baja-Media	Básico	Baja-Media	SB, PG	Correctivo	ENF001, ENF002, ENF003	PAT004	Ninguna	LATERAL DELTOID	ANTERIOR DELTOID, SERRATUS ANTERIOR
exr_41n2hTkfLWpc57BQ	TRI042	Body-Up	https://cdn.exercisedb.dev/media/w/images/wOyxNsN3Px.jpg	Tríceps	Extensión de Codo	Propio Peso	Ninguna	Casa, Aire Libre	Media-Alta	Intermedio	Alta	GMM, RD	Principal	ENF002, ENF003	PAT004, MUN	ENF010	TRICEPS BRACHII	PECTORALIS MAJOR CLAVICULAR HEAD, PECTORALIS MAJOR STERNAL HEAD, ANTERIOR DELTOID
exr_41n2hushK9NGVfyK	HOM046	Handstand Push-Up	https://cdn.exercisedb.dev/media/w/images/qzcFGKedZz.jpg	Hombro	Empuje Vertical	Propio Peso	Ninguna	Casa, Aire Libre, Gimnasio	Alta	Avanzado	Alta	GMM, RD	Principal	ENF002	PAT004, PAT001, PAT011, MUN	PAT002, ENF010, PAT014	TRICEPS BRACHII	LATERAL DELTOID, TERES MAJOR, PECTORALIS MAJOR STERNAL HEAD, PECTORALIS MAJOR CLAVICULAR HEAD, SERRATUS ANTERIOR, ANTERIOR DELTOID
exr_41n2hWQVZanCB1d7	HOM047	Circles Arm	https://cdn.exercisedb.dev/media/w/images/TrP6PnRn1m.jpg	Hombro	Estabilidad Escapular	Propio Peso	Ninguna	Casa, Aire Libre	Baja	Básico	Baja	SB	Correctivo	ENF001, ENF002, ENF003, ENF009	PAT004	Ninguna	LATERAL DELTOID, ANTERIOR DELTOID, POSTERIOR DELTOID
exr_41n2hyNf5GebszTf	HOM048	Dumbbell Rear Delt Fly	https://cdn.exercisedb.dev/media/w/images/6Ak3e2G7EC.jpg	Hombro	Abducción Horizontal	Mancuernas	Ninguna	Gimnasio, Casa	Media	Intermedio	Media	GMM, PG	Aislamiento	ENF002, ENF003	PAT004, PAT001	PAT002	POSTERIOR DELTOID	INFRASPINATUS, TRAPEZIUS LOWER FIBERS, TRAPEZIUS MIDDLE FIBERS, TERES MINOR, LATERAL DELTOID
exr_41n2hZqkvM55qJve	HOM049	Shoulder Stretch Behind the Back	https://cdn.exercisedb.dev/media/w/images/wlBqBIBrCS.jpg	Hombro	Estabilidad Escapular	Propio Peso	Ninguna	Casa	Baja	Básico	Baja	SB	Correctivo	ENF001, ENF002, ENF003, ENF009	PAT004	Ninguna	POSTERIOR DELTOID	TRAPEZIUS LOWER FIBERS, TERES MAJOR, LATISSIMUS DORSI, TRICEPS BRACHII, INFRASPINATUS, TERES MINOR, TRAPEZIUS MIDDLE FIBERS
exr_41n2hbdZww1thMKz	PIE037	Jump Squat	https://cdn.exercisedb.dev/media/w/images/YfCTLiECo2.jpg	Pierna	Pliometría	Propio Peso	Ninguna	Casa, Aire Libre, Gimnasio	Media-Alta	Intermedio	Alta	RD, PG, GMM	Potencia	ENF002	PAT007, PAT008, PAT001, PAT011	PAT009, PAT002, PAT014	GLUTEUS MAXIMUS, QUADRICEPS	SOLEUS, ADDUCTOR MAGNUS
exr_41n2hGNrmUnF58Yy	PIE038	Reverse Lunge	https://cdn.exercisedb.dev/media/w/images/XUs62RE49n.jpg	Pierna	Dominante Rodilla	Propio Peso	Ninguna	Casa, Aire Libre, Gimnasio	Media	Intermedio	Media	PG, GMM	Principal	ENF001, ENF002, ENF003	PAT007, PAT008	PAT009	QUADRICEPS, GLUTEUS MAXIMUS	HAMSTRINGS, ADDUCTOR MAGNUS
exr_41n2hHRszDHarrxK	PIE039	Split Squats	https://cdn.exercisedb.dev/media/w/images/GGahn2Bwpi.jpg	Pierna	Dominante Rodilla	Propio Peso	Ninguna	Casa, Aire Libre, Gimnasio	Media	Intermedio	Media	PG, GMM	Principal	ENF001, ENF002, ENF003	PAT007, PAT008	PAT009	GLUTEUS MAXIMUS, QUADRICEPS	SOLEUS, ADDUCTOR MAGNUS
exr_41n2hKiaWSZQTqgE	PIE040	Lever stepper	https://cdn.exercisedb.dev/media/w/images/oA2FarJMAw.jpg	Pierna	Locomoción	Máquina	Propio Peso	Gimnasio	Baja-Media	Básico	Media	PG, RD, SB	Metabólico	ENF001, ENF002, ENF003, ENF009	PAT007	Ninguna	GLUTEUS MAXIMUS, QUADRICEPS	GASTROCNEMIUS, SOLEUS, HAMSTRINGS
exr_41n2hmFcGGUCS289	PIE041	Walking High Knees Lunge	https://cdn.exercisedb.dev/media/w/images/ZxaRouBw7h.jpg	Pierna	Locomoción	Propio Peso	Ninguna	Casa, Aire Libre, Gimnasio	Media-Alta	Intermedio	Alta	PG, RD, SB	Metabólico	ENF001, ENF002, ENF003	PAT007, PAT008	PAT009	TENSOR FASCIAE LATAE, SPLENIUS, RECTUS ABDOMINIS, QUADRICEPS	HAMSTRINGS, BICEPS BRACHII, GRACILIS, SARTORIUS
exr_41n2hmGR8WuVfe1U	PIE042	Bodyweight Squat	https://cdn.exercisedb.dev/media/w/images/QBL8IYGdYK.jpg	Pierna	Dominante Rodilla	Propio Peso	Ninguna	Casa, Aire Libre, Gimnasio	Baja-Media	Básico	Media	PG, GMM, SB	Principal	ENF001, ENF002, ENF003, ENF009	PAT007, PAT008	PAT009	QUADRICEPS, GLUTEUS MAXIMUS	ADDUCTOR MAGNUS, SOLEUS
exr_41n2hNjcmNgtPJ1H	PIE043	Bodyweight Rear Lunge	https://cdn.exercisedb.dev/media/w/images/SmhYqZUV9x.jpg	Pierna	Dominante Rodilla	Propio Peso	Ninguna	Casa, Aire Libre, Gimnasio	Media	Intermedio	Media	PG, GMM	Principal	ENF001, ENF002, ENF003	PAT007, PAT008	PAT009	QUADRICEPS, GLUTEUS MAXIMUS	ADDUCTOR MAGNUS, SOLEUS
exr_41n2homrPqqs8coG	PIE044	Stair Up	https://cdn.exercisedb.dev/media/w/images/N0lIgwPUgz.jpg	Pierna	Locomoción	Escaleras / Banco	Propio Peso	Casa, Aire Libre, Gimnasio	Baja-Media	Básico	Media	PG, RD, SB	Metabólico	ENF001, ENF002, ENF003, ENF009	PAT007	Ninguna	QUADRICEPS, GLUTEUS MAXIMUS	ADDUCTOR MAGNUS, SOLEUS
exr_41n2hpLLs1uU5atr	PIE045	Bulgarian Split Squat	https://cdn.exercisedb.dev/media/w/images/HLm5e1fMdO.jpg	Pierna	Dominante Rodilla	Banco	Propio Peso	Casa, Gimnasio	Media-Alta	Intermedio	Alta	GMM, PG, RD	Principal	ENF002, ENF003	PAT007, PAT008	PAT009	GLUTEUS MAXIMUS, QUADRICEPS	ADDUCTOR MAGNUS, SOLEUS
exr_41n2hQHmRSoUkk9F	PIE046	Walking Lunge	https://cdn.exercisedb.dev/media/w/images/g2s9vxBfWN.jpg	Pierna	Dominante Rodilla	Propio Peso	Ninguna	Casa, Aire Libre, Gimnasio	Media	Intermedio	Media-Alta	PG, GMM, RD	Principal	ENF001, ENF002, ENF003	PAT007, PAT008	PAT009	GLUTEUS MAXIMUS, QUADRICEPS	ADDUCTOR MAGNUS, SOLEUS
exr_41n2hRaLxY7YfNbg	PIE047	Side Lunge Stretch	https://cdn.exercisedb.dev/media/w/images/b3R4TvyD30.jpg	Pierna	Estabilización	Propio Peso	Ninguna	Casa, Aire Libre	Baja	Básico	Baja	SB	Correctivo	ENF001, ENF002, ENF003, ENF009	PAT007	Ninguna	GLUTEUS MAXIMUS, QUADRICEPS	TENSOR FASCIAE LATAE, SOLEUS, ADDUCTOR MAGNUS, GLUTEUS MEDIUS
exr_41n2hUVNhvcS73Dt	PIE048	Jump Split	https://cdn.exercisedb.dev/media/w/images/6nX5znelOT.jpg	Pierna	Pliometría	Propio Peso	Ninguna	Casa, Aire Libre, Gimnasio	Alta	Avanzado	Alta	RD, PG	Potencia	ENF002	PAT007, PAT008, PAT011	PAT009, PAT002, PAT014	QUADRICEPS, HAMSTRINGS	SARTORIUS, GRACILIS, ADDUCTOR BREVIS, ADDUCTOR MAGNUS
exr_41n2hvjrFJ2KjzGm	PIE049	Sit to Stand	https://cdn.exercisedb.dev/media/w/images/QjeHnOqQNh.jpg	Pierna	Dominante Rodilla	Sillas	Propio Peso	Casa	Baja	Básico	Baja-Media	SB, PG	Correctivo	ENF001, ENF002, ENF003, ENF009	PAT007	Ninguna	GLUTEUS MAXIMUS, QUADRICEPS	ADDUCTOR MAGNUS, SOLEUS
exr_41n2hw8nSYiaCXW1	PIE050	Sissy Squat	https://cdn.exercisedb.dev/media/w/images/PMGm7JcwbQ.jpg	Pierna	Dominante Rodilla	Propio Peso	Ninguna	Casa, Gimnasio	Alta	Avanzado	Alta	GMM, RD	Aislamiento	ENF002, ENF003	PAT007,  PAT008	PAT009	QUADRICEPS
exr_41n2hXvPyEyMBgNR	PIE051	Step-up on Chair	https://cdn.exercisedb.dev/media/w/images/j89aek3mZu.jpg	Pierna	Dominante Rodilla	Sillas	Propio Peso	Casa	Media	Intermedio	Media	PG, GMM, SB	Principal	ENF001, ENF002, ENF003	PAT007, PAT008	PAT009	QUADRICEPS, GLUTEUS MAXIMUS	ADDUCTOR MAGNUS, GASTROCNEMIUS, SOLEUS
exr_41n2hYAP9oGEZk2P	PIE052	Sumo Squat	https://cdn.exercisedb.dev/media/w/images/clrq0UgFbo.jpg	Pierna	Dominante Rodilla	Propio Peso	Ninguna	Casa, Aire Libre, Gimnasio	Media	Intermedio	Media	PG, GMM	Principal	ENF001, ENF002, ENF003	PAT007, PAT008	PAT009	GLUTEUS MAXIMUS, QUADRICEPS	GASTROCNEMIUS, ADDUCTOR BREVIS, SOLEUS, ADDUCTOR MAGNUS, ADDUCTOR LONGUS, GRACILIS
exr_41n2hGRSg9WCoTYT	PIE053	Jumping Pistol Squat	https://cdn.exercisedb.dev/media/w/images/ik43Xn15Kb.jpg	Pierna	Pliometría	Propio Peso	Ninguna	Casa, Aire Libre, Gimnasio	Alta	Avanzado	Alta	RD, GMM	Potencia	ENF002	PAT007, PAT008, PAT001, PAT011	PAT009, PAT002, PAT014	QUADRICEPS	GLUTEUS MEDIUS, ILIOPSOAS, HAMSTRINGS, ADDUCTOR BREVIS, GRACILIS, GLUTEUS MAXIMUS, BICEPS BRACHII
exr_41n2hnFD2bT6sruf	PIE054	Sliding Floor Bridge Curl on Towel	https://cdn.exercisedb.dev/media/w/images/f1c1Qr2316.jpg	Pierna	Flexión Rodilla	Toalla	Propio Peso	Casa	Baja-Media	Básico	Baja-Media	PG, SB	Aislamiento	ENF001, ENF002, ENF003	PAT007	Ninguna	GLUTEUS MAXIMUS, HAMSTRINGS, RECTUS ABDOMINIS
exr_41n2hnougzKKhhqu	PIE055	Butterfly Yoga Pose	https://cdn.exercisedb.dev/media/w/images/onjy3jQNg6.jpg	Pierna	Estabilización	Propio Peso	Ninguna	Casa, Aire Libre	Baja	Básico	Baja	SB	Correctivo	ENF001, ENF002, ENF003, ENF009	Ninguna	Ninguna	SARTORIUS, BRACHIALIS	PECTINEUS, BICEPS BRACHII, ADDUCTOR LONGUS, ADDUCTOR BREVIS, ADDUCTOR MAGNUS
exr_41n2hPvwqp7Pwvks	PIE056	Seated Single Leg Hamstring Stretch	https://cdn.exercisedb.dev/media/w/images/YdXpEDZsr4.jpg	Pierna	Estabilización	Propio Peso	Ninguna	Casa	Baja	Básico	Baja	SB	Correctivo	ENF001, ENF002, ENF003, ENF009	Ninguna	Ninguna	HAMSTRINGS
exr_41n2hQDiSwTZXM4F	PIE057	Goblet Squat	https://cdn.exercisedb.dev/media/w/images/lwT5fwjbAU.jpg	Pierna	Dominante Rodilla	Mancuernas	Ninguna	Gimnasio, Casa	Media	Intermedio	Media-Alta	GMM, PG, RD	Principal	ENF002, ENF003	PAT007, PAT008, PAT001	PAT009, PAT002	QUADRICEPS, HAMSTRINGS, GLUTEUS MAXIMUS	ERECTOR SPINAE, ADDUCTOR MAGNUS, GASTROCNEMIUS
exr_41n2hQp1pR7heQq9	PIE058	Dumbbell Stiff Leg Deadlift (Thighs)	https://cdn.exercisedb.dev/media/w/images/4TFtrlbBxS.jpg	Pierna	Dominante Cadera	Mancuernas	Ninguna	Gimnasio, Casa	Media	Intermedio	Media-Alta	GMM, RD	Principal	ENF002, ENF003	PAT001, PAT007	PAT002	GLUTEUS MAXIMUS, ERECTOR SPINAE	HAMSTRINGS
exr_41n2hrHSqBnVWRRB	PIE059	Bodyweight Single Leg Deadlift	https://cdn.exercisedb.dev/media/w/images/VeFtV3UOHd.jpg	Pierna	Dominante Cadera Unilateral	Propio Peso	Ninguna	Casa, Aire Libre, Gimnasio	Media-Alta	Intermedio	Media-Alta	PG, GMM, SB	Principal	ENF001, ENF002, ENF003	PAT001, PAT007	PAT002	GLUTEUS MAXIMUS	SOLEUS, ADDUCTOR MAGNUS, ERECTOR SPINAE, HAMSTRINGS, QUADRICEPS
exr_41n2hSMjcavNjk3c	PIE060	Quick Feet	https://cdn.exercisedb.dev/media/w/images/lbL11yEndU.jpg	Pierna	Agilidad	Propio Peso	Ninguna	Casa, Aire Libre, Gimnasio	Baja-Media	Básico	Media	PG, RD, SB	Metabólico	ENF001, ENF002, ENF003, ENF009	PAT007	Ninguna	GLUTEUS MAXIMUS	BRACHIORADIALIS, ADDUCTOR MAGNUS
exr_41n2hsSnmS946i2k	PIE061	Single Leg Squat with Support	https://cdn.exercisedb.dev/media/w/images/cxJSiiWh9N.jpg	Pierna	Dominante Rodilla	Sillas	Propio Peso	Casa	Media	Intermedio	Media	PG, GMM, SB	Principal	ENF001, ENF002, ENF003	PAT007, PAT008	PAT009	QUADRICEPS	INFRASPINATUS, TENSOR FASCIAE LATAE, STERNOCLEIDOMASTOID
exr_41n2havo95Y2QpkW	PIE062	Feet and Ankles Stretch	https://cdn.exercisedb.dev/media/w/images/AwDLoYPc84.jpg	Pierna	Estabilización	Propio Peso	Ninguna	Casa, Aire Libre	Baja	Básico	Baja	SB	Correctivo	ENF001, ENF002, ENF003, ENF009	Ninguna	Ninguna	SOLEUS, TIBIALIS ANTERIOR
exr_41n2hbLX4XH8xgN7	PIE063	Dumbbell Single Leg Calf Raise	https://cdn.exercisedb.dev/media/w/images/bAEQLWIqH4.jpg	Pierna	Flexión Plantar	Mancuernas	Ninguna	Gimnasio, Casa	Media	Intermedio	Media	GMM, PG	Aislamiento	ENF002, ENF003	PAT007	Ninguna	GASTROCNEMIUS	SOLEUS
exr_41n2hcm5HH6H684G	PIE064	Calf Raise from Deficit with Chair Supported	https://cdn.exercisedb.dev/media/w/images/po63VThsX2.jpg	Pierna	Flexión Plantar	Sillas	Propio Peso	Casa	Baja-Media	Básico	Baja-Media	PG, SB, GMM	Aislamiento	ENF001, ENF002, ENF003	PAT007	Ninguna	GASTROCNEMIUS	SOLEUS
exr_41n2hdWu3oaCGdWT	PIE065	Standing Calf Raise	https://cdn.exercisedb.dev/media/w/images/RfXMrjCG6o.jpg	Pierna	Flexión Plantar	Mancuernas	Ninguna	Gimnasio, Casa	Media	Intermedio	Media	GMM, PG	Aislamiento	ENF002, ENF003	PAT007	Ninguna	GASTROCNEMIUS	SOLEUS
exr_41n2he2doZNpmXkX	PIE066	Ankle - Plantar Flexion - Articulations	https://cdn.exercisedb.dev/media/w/images/cnT7tKYHyl.jpg	Pierna	Estabilización	Propio Peso	Ninguna	Casa, Aire Libre	Baja	Básico	Baja	SB	Correctivo	ENF001, ENF002, ENF003, ENF009	Ninguna	Ninguna	SOLEUS	GLUTEUS MAXIMUS, TERES MAJOR
exr_41n2hG9pRT55cGVk	PIE067	Calves stretch	https://cdn.exercisedb.dev/media/w/images/UnJNN2dVOJ.jpg	Pierna	Estabilización	Propio Peso	Ninguna	Casa, Aire Libre	Baja	Básico	Baja	SB	Correctivo	ENF001, ENF002, ENF003, ENF009	Ninguna	Ninguna	SOLEUS, GASTROCNEMIUS
exr_41n2hGD4omjWVnbS	PIE068	Calves Stretch II	https://cdn.exercisedb.dev/media/w/images/b2DBiTv92c.jpg	Pierna	Estabilización	Propio Peso	Ninguna	Casa, Aire Libre	Baja	Básico	Baja	SB	Correctivo	ENF001, ENF002, ENF003, ENF009	Ninguna	Ninguna	GASTROCNEMIUS
exr_41n2hHCXQpZYhxhc	PIE069	Calf Stretch With Hands Against Wall	https://cdn.exercisedb.dev/media/w/images/vfYUcxlPFc.jpg	Pierna	Estabilización	Propio Peso	Ninguna	Casa, Aire Libre	Baja	Básico	Baja	SB	Correctivo	ENF001, ENF002, ENF003, ENF009	Ninguna	Ninguna	SOLEUS, GASTROCNEMIUS
exr_41n2hhiWL8njJDZe	PIE070	Lever Seated Calf Raise	https://cdn.exercisedb.dev/media/w/images/9TeNhxGH3F.jpg	Pierna	Flexión Plantar	Máquina	Ninguna	Gimnasio	Media	Intermedio	Media	GMM, PG	Aislamiento	ENF002, ENF003	PAT007	Ninguna	SOLEUS	GASTROCNEMIUS
exr_41n2hhumxqyAFuTb	PIE071	One Leg Floor Calf Raise	https://cdn.exercisedb.dev/media/w/images/UxHTb10GjI.jpg	Pierna	Flexión Plantar	Propio Peso	Ninguna	Casa, Aire Libre	Baja-Media	Básico	Media	PG, GMM, SB	Aislamiento	ENF001, ENF002, ENF003	PAT007	Ninguna	GASTROCNEMIUS	SOLEUS
exr_41n2hk3YSCjnZ9um	PIE072	Circles Knee Stretch	https://cdn.exercisedb.dev/media/w/images/tuh0mSat5W.jpg	Pierna	Estabilización	Propio Peso	Ninguna	Casa, Aire Libre	Baja	Básico	Baja	SB	Correctivo	ENF001, ENF002, ENF003, ENF009	PAT007	Ninguna	GLUTEUS MAXIMUS, ILIOPSOAS, QUADRICEPS, GLUTEUS MEDIUS	ADDUCTOR BREVIS, HAMSTRINGS, SOLEUS, GASTROCNEMIUS, ADDUCTOR MAGNUS
exr_41n2hLx2rvhz95GC	PIE073	Feet and Ankles Rotation Stretch	https://cdn.exercisedb.dev/media/w/images/h2vROqCsro.jpg	Pierna	Estabilización	Propio Peso	Ninguna	Casa, Aire Libre	Baja	Básico	Baja	SB	Correctivo	ENF001, ENF002, ENF003, ENF009	Ninguna	Ninguna	SOLEUS	GASTROCNEMIUS
exr_41n2hNifNwh2tbR2	PIE074	Ankle - Dorsal Flexion - Articulations	https://cdn.exercisedb.dev/media/w/images/hdWEccGhnn.jpg	Pierna	Estabilización	Propio Peso	Ninguna	Casa, Aire Libre	Baja	Básico	Baja	SB	Correctivo	ENF001, ENF002, ENF003, ENF009	Ninguna	Ninguna	TIBIALIS ANTERIOR	GASTROCNEMIUS, SOLEUS
exr_41n2hnx1hnDdketU	PIE075	Feet and Ankles Stretch II	https://cdn.exercisedb.dev/media/w/images/vHJtDbXlIJ.jpg	Pierna	Estabilización	Propio Peso	Ninguna	Casa, Aire Libre	Baja	Básico	Baja	SB	Correctivo	ENF001, ENF002, ENF003, ENF009	Ninguna	Ninguna	SOLEUS, SERRATUS ANTERIOR
exr_41n2hQtaWxPLNFwX	PIE076	Dumbbell Standing Calf Raise (Both Legs)	https://cdn.exercisedb.dev/media/w/images/fNMPMnyrNL.jpg	Pierna	Flexión Plantar	Mancuernas	Ninguna	Gimnasio, Casa	Media	Intermedio	Media	GMM, PG	Aislamiento	ENF002, ENF003	PAT007	Ninguna	GASTROCNEMIUS	SOLEUS
exr_41n2hrSQZRD4yG7P	PIE077	Circles Knee Stretch II	https://cdn.exercisedb.dev/media/w/images/8zRGHzTGH5.jpg	Pierna	Estabilización	Propio Peso	Ninguna	Casa, Aire Libre	Baja	Básico	Baja	SB	Correctivo	ENF001, ENF002, ENF003, ENF009	PAT007	Ninguna	GASTROCNEMIUS, TIBIALIS ANTERIOR, SOLEUS	QUADRICEPS
exr_41n2hSGs9Q3NVGhs	PIE078	Bodyweight Standing Calf Raise	https://cdn.exercisedb.dev/media/w/images/HbR3LMueKg.jpg	Pierna	Flexión Plantar	Propio Peso	Ninguna	Casa, Aire Libre	Baja-Media	Básico	Media	PG, GMM, SB	Aislamiento	ENF001, ENF002, ENF003, ENF009	PAT007	Ninguna	GASTROCNEMIUS	SOLEUS
exr_41n2hSkc2tRLxVVS	PIE079	Calf Stretch with Rope	https://cdn.exercisedb.dev/media/w/images/qbphLBTjbs.jpg	Pierna	Estabilización	Cuerda / Toalla	Propio Peso	Casa	Baja	Básico	Baja	SB	Correctivo	ENF001, ENF002, ENF003, ENF009	Ninguna	Ninguna	GASTROCNEMIUS	SOLEUS
exr_41n2hTs4q3ihihZs	PIE080	Seated Calf Raise	https://cdn.exercisedb.dev/media/w/images/4TWa5X9NV0.jpg	Pierna	Flexión Plantar	Barra	Banco	Gimnasio	Media	Intermedio	Media	GMM, PG	Aislamiento	ENF002, ENF003	PAT007	Ninguna	GASTROCNEMIUS	SOLEUS
exr_41n2hu5r8WMaLUkH	PIE081	Seated Straight Leg Calf Stretch	https://cdn.exercisedb.dev/media/w/images/lnyRErycIc.jpg	Pierna	Estabilización	Propio Peso	Ninguna	Casa	Baja	Básico	Baja	SB	Correctivo	ENF001, ENF002, ENF003, ENF009	Ninguna	Ninguna	GASTROCNEMIUS	SOLEUS, HAMSTRINGS
exr_41n2hvzxocyjoGgL	PIE082	Standing Leg Calf Raise	https://cdn.exercisedb.dev/media/w/images/uA2GpJrwkM.jpg	Pierna	Flexión Plantar	Barra	Ninguna	Gimnasio	Media	Intermedio	Media	GMM, PG	Aislamiento	ENF002, ENF003	PAT007	Ninguna	GASTROCNEMIUS	SOLEUS
exr_41n2hWbP5uF6PQpU	PIE083	Donkey Calf Raise	https://cdn.exercisedb.dev/media/w/images/dFa8KAouxh.jpg	Pierna	Flexión Plantar	Propio Peso	Ninguna	Casa, Gimnasio	Baja-Media	Básico	Media	PG, GMM, SB	Aislamiento	ENF001, ENF002, ENF003, ENF009	PAT007	Ninguna	GASTROCNEMIUS	SOLEUS
exr_41n2hyWsNxNYWpk3	PIE084	Kneeling Toe Up Hamstring Stretch	https://cdn.exercisedb.dev/media/w/images/81V8lv3nXo.jpg	Pierna	Estabilización	Propio Peso	Ninguna	Casa, Aire Libre	Baja	Básico	Baja	SB	Correctivo	ENF001, ENF002, ENF003, ENF009	Ninguna	Ninguna	HAMSTRINGS	SERRATUS ANTERIOR, GLUTEUS MAXIMUS
exr_41n2hwoc6PkW1UJJ	PIE085	Barbell Standing Calf Raise	https://cdn.exercisedb.dev/media/w/images/INNldWkUb2.jpg	Pierna	Flexión Plantar	Barra	Ninguna	Gimnasio	Media	Intermedio	Media	GMM, PG	Aislamiento	ENF002, ENF003	PAT007	Ninguna	GASTROCNEMIUS	SOLEUS
exr_41n2hzfRXQDaLYJh	PIE086	Bodyweight Standing Calf Raise (Variation)	https://cdn.exercisedb.dev/media/w/images/STjlyreDEq.jpg	Pierna	Flexión Plantar	Propio Peso	Ninguna	Casa, Aire Libre	Baja-Media	Básico	Media	PG, GMM, SB	Aislamiento	ENF001, ENF002, ENF003, ENF009	PAT007	Ninguna	GASTROCNEMIUS	SOLEUS
exr_41n2hzZBVbWFoLK3	PIE087	Feet and Ankles Side to Side Stretch	https://cdn.exercisedb.dev/media/w/images/yAOgC2G2r4.jpg	Pierna	Estabilización	Propio Peso	Ninguna	Casa, Aire Libre	Baja	Básico	Baja	SB	Correctivo	ENF001, ENF002, ENF003, ENF009	Ninguna	Ninguna	GLUTEUS MAXIMUS, SOLEUS	GLUTEUS MEDIUS, GRACILIS
